Rank_by_Units,Station,Line,Mode,District,Units_2020_2025,Score,Tier,BSL_MFL_Citywide_Rank,Existing_TOD_Overlay
1,Girard,Broad Street Line,BSL/MFL,5,816,77.0,Tier 1 - High Priority,4,No
2,Girard,Market/Frankford Line,BSL/MFL,5,816,76.4,Tier 1 - High Priority,5,No
3,Berks,Market/Frankford Line,BSL/MFL,7,779,91.3,Tier 1 - High Priority,2,Yes
4,York-Dauphin,Market/Frankford Line,BSL/MFL,7,764,95.5,Tier 1 - High Priority,1,No
5,46th Street,Market/Frankford Line,BSL/MFL,3,510,78.5,Tier 1 - High Priority,3,Yes
6,Ellsworth-Federal,Broad Street Line,BSL/MFL,1,452,72.7,Tier 1 - High Priority,6,No
7,30th Street Station,Regional Rail,Regional Rail,3,356,,Regional Rail,,No
8,Temple University,Regional Rail,Regional Rail,5,322,,Regional Rail,,No
9,Suburban Station,Regional Rail,Regional Rail,5,293,,Regional Rail,,No
10,Erie,Broad Street Line,BSL/MFL,5,255,61.0,Tier 2 - Strong Candidate,7,No
11,49th Street,Regional Rail,Regional Rail,3,167,,Regional Rail,,No
12,Huntingdon,Market/Frankford Line,BSL/MFL,7,156,42.7,Tier 3 - Moderate Candidate,8,Yes
13,52nd Street,Market/Frankford Line,BSL/MFL,3,118,37.6,Tier 3 - Moderate Candidate,9,Yes
14,Overbrook,Regional Rail,Regional Rail,4,111,,Regional Rail,,No
15,North Philadelphia Amtrak,Regional Rail,Regional Rail,8,93,,Regional Rail,,No
16,North Philadelphia,Regional Rail,Regional Rail,8,93,,Regional Rail,,No
17,Chelten Avenue,Regional Rail,Regional Rail,8,84,,Regional Rail,,No
18,North Broad,Regional Rail,Regional Rail,5,79,,Regional Rail,,No
19,Susquehanna-Dauphin,Broad Street Line,BSL/MFL,5,77,30.2,Tier 3 - Moderate Candidate,11,No
20,Somerset,Market/Frankford Line,BSL/MFL,7,50,32.0,Tier 3 - Moderate Candidate,10,Yes
21,East Falls,Regional Rail,Regional Rail,4,46,,Regional Rail,,No
22,Hunting Park,Broad Street Line,BSL/MFL,5,45,27.4,Tier 4 - Lower Priority,16,No
23,Manayunk,Regional Rail,Regional Rail,4,44,,Regional Rail,,No
24,Church,Market/Frankford Line,BSL/MFL,7,42,29.6,Tier 4 - Lower Priority,13,No
25,63rd Street,Market/Frankford Line,BSL/MFL,3,40,29.7,Tier 4 - Lower Priority,12,Yes
26,Germantown,Regional Rail,Regional Rail,8,40,,Regional Rail,,No
27,Olney Transportation Center,Broad Street Line,BSL/MFL,9,36,28.5,Tier 4 - Lower Priority,14,No
28,Arrott Transportation Center,Market/Frankford Line,BSL/MFL,7,30,27.4,Tier 4 - Lower Priority,15,No
29,Wayne Junction,Regional Rail,Regional Rail,8,30,,Regional Rail,,No
30,Upsal,Regional Rail,Regional Rail,8,30,,Regional Rail,,No
31,60th Street,Market/Frankford Line,BSL/MFL,3,22,26.2,Tier 4 - Lower Priority,17,Yes
32,Queen Lane,Regional Rail,Regional Rail,8,20,,Regional Rail,,No
33,Wyoming,Broad Street Line,BSL/MFL,8,17,23.4,Tier 4 - Lower Priority,22,No
34,Cecil B Moore,Broad Street Line,BSL/MFL,5,17,21.6,Tier 4 - Lower Priority,28,No
35,Angora,Regional Rail,Regional Rail,3,10,,Regional Rail,,No
36,Wissahickon,Regional Rail,Regional Rail,4,10,,Regional Rail,,No
37,Wister,Regional Rail,Regional Rail,8,10,,Regional Rail,,No
38,Tulpehocken,Regional Rail,Regional Rail,8,10,,Regional Rail,,No
39,Ivy Ridge,Regional Rail,Regional Rail,4,10,,Regional Rail,,No
40,Carpenter,Regional Rail,Regional Rail,8,10,,Regional Rail,,No
41,Allen Lane,Regional Rail,Regional Rail,8,10,,Regional Rail,,No
42,56th Street,Market/Frankford Line,BSL/MFL,4,9,25.9,Tier 4 - Lower Priority,18,Yes
43,Tasker-Morris,Broad Street Line,BSL/MFL,1,6,22.7,Tier 4 - Lower Priority,25,No
44,Snyder,Broad Street Line,BSL/MFL,1,3,25.3,Tier 4 - Lower Priority,19,No
45,Allegheny,Broad Street Line,BSL/MFL,5,3,24.3,Tier 4 - Lower Priority,20,No
46,Logan,Broad Street Line,BSL/MFL,9,3,22.8,Tier 4 - Lower Priority,23,No
47,Allegheny,Market/Frankford Line,BSL/MFL,7,3,22.8,Tier 4 - Lower Priority,24,Yes
48,Frankford Transportation Center,Market/Frankford Line,BSL/MFL,7,3,22.0,Tier 4 - Lower Priority,26,Yes
49,Oregon,Broad Street Line,BSL/MFL,2,0,23.9,Tier 4 - Lower Priority,21,No
50,Tioga,Market/Frankford Line,BSL/MFL,6,0,21.9,Tier 4 - Lower Priority,27,Yes
51,Erie-Torresdale,Market/Frankford Line,BSL/MFL,6,0,21.3,Tier 4 - Lower Priority,29,Yes
52,AT&T Station,Broad Street Line,BSL/MFL,2,0,19.1,Tier 4 - Lower Priority,30,No
53,Market East,Regional Rail,Regional Rail,1,0,,Regional Rail,,No
54,University City,Regional Rail,Regional Rail,3,0,,Regional Rail,,No
55,Allegheny,Regional Rail,Regional Rail,8,0,,Regional Rail,,No
56,Wynnefield Avenue,Regional Rail,Regional Rail,4,0,,Regional Rail,,No
57,Eastwick,Regional Rail,Regional Rail,2,0,,Regional Rail,,No
58,Olney,Regional Rail,Regional Rail,9,0,,Regional Rail,,No
59,Fern Rock T C,Regional Rail,Regional Rail,9,0,,Regional Rail,,No
60,Airport Terminal E F,Regional Rail,Regional Rail,2,0,,Regional Rail,,No
61,Bridesburg,Regional Rail,Regional Rail,6,0,,Regional Rail,,No
62,Airport Terminal C D,Regional Rail,Regional Rail,2,0,,Regional Rail,,No
63,Airport Terminal B,Regional Rail,Regional Rail,2,0,,Regional Rail,,No
64,Airport Terminal A,Regional Rail,Regional Rail,2,0,,Regional Rail,,No
65,Washington Lane,Regional Rail,Regional Rail,8,0,,Regional Rail,,No
66,Stenton,Regional Rail,Regional Rail,8,0,,Regional Rail,,No
