Rank,Stop_Name,Route,District,Permits_2020_2025,Units_2020_2025,Latitude,Longitude
1,Lancaster Av & 41st St,T1,3,70,660,39.965093,-75.205564
2,Lancaster Av & 41st St,T1,3,70,653,39.965102,-75.205386
3,Girard Av & 16th St,G1,5,54,622,39.971908,-75.162605
4,Girard Av & 16th St,G1,5,54,622,39.971828,-75.162806
5,Lancaster Av & Wallace St,T1,3,64,619,39.963857,-75.203371
6,Lancaster Av & Haverford Av,T1,3,62,588,39.9629,-75.201826
7,Lancaster Av & 42nd St,T1,3,64,583,39.966399,-75.207485
8,Lancaster Av & Parrish St,T1,3,62,577,39.96767,-75.20956
9,Girard Av & 17th St,G1,5,55,560,39.972028,-75.164352
10,Lancaster Av & 40th St,T1,3,57,551,39.963151,-75.20244
11,Girard Av & 17th St,G1,5,53,546,39.972116,-75.164151
12,Lancaster Av & 42nd St,T1,3,59,540,39.966391,-75.207662
13,Lancaster Av & 43th St,T1,3,57,527,39.967725,-75.209878
14,Girard Av & 42nd St,G1,3,57,526,39.973542,-75.208975
15,Girard Av & 42nd St,G1,3,55,506,39.973658,-75.208797
16,Girard Av & Ridge Av,G1,5,48,502,39.97238,-75.166217
17,Girard Av & Ridge Av,G1,5,48,502,39.972309,-75.166572
18,Lancaster Av & Spring Garden St,T1,3,51,456,39.962004,-75.200353
19,Girard Av & 41st St,G1,3,50,448,39.973823,-75.206528
20,Girard Av & Broad St,G1,5,25,442,39.971428,-75.159594
21,Girard Av & 41st St,G1,3,49,438,39.973966,-75.206268
22,Lancaster Av & Spring Garden St,T1,3,49,436,39.961923,-75.199952
23,Girard Av & Broad St,G1,5,23,422,39.971499,-75.159275
24,Girard Av & 2nd St,G1,5,22,406,39.9695,-75.13945
25,Girard Av & 19th St,G1,5,38,406,39.972507,-75.167339
26,Girard Av & 2nd St,G1,1,20,386,39.969439,-75.139805
27,Girard Av & Front St,G1,1,21,386,39.968851,-75.136358
28,Lancaster Av & Ogden St,T1,3,40,378,39.968565,-75.210998
29,Girard Av & Front St,G1,5,20,376,39.968903,-75.136075
30,Girard Av & 7th St,G1,5,31,363,39.970484,-75.148022
31,Girard Av & 7th St,G1,5,30,353,39.970386,-75.148211
32,Girard Av & 8th St,G1,5,29,351,39.970568,-75.149853
33,Frankford Av & Girard Av - FS,G1,1,21,346,39.96865,-75.134493
34,Frankford Av & Girard Av,G1,1,21,346,39.968774,-75.134351
35,Frankford Av & Girard Av - FS,G1,1,21,346,39.96865,-75.134493
36,Girard Av & 19th St,G1,5,31,344,39.972427,-75.16754
37,Lancaster Av & 44th St,T1,3,36,339,39.968772,-75.211541
38,Lancaster Av & Westminster St,T1,3,35,337,39.969353,-75.212283
39,Girard Av & Frankford Av- FS,G1,1,20,336,39.968855,-75.134244
40,Drexel Station at 30th St,T1,3,2,336,39.954815,-75.1835
41,Drexel Station at 30th St,T1,3,2,336,39.954894,-75.183169
42,Drexel Station at 30th St,T2,3,2,336,39.954815,-75.1835
43,Drexel Station at 30th St,T2,3,2,336,39.954894,-75.183169
44,Drexel Station at 30th St,T3,3,2,336,39.954815,-75.1835
45,Drexel Station at 30th St,T3,3,2,336,39.954894,-75.183169
46,Drexel Station at 30th St,T4,3,2,336,39.954815,-75.1835
47,Drexel Station at 30th St,T4,3,2,336,39.954894,-75.183169
48,Drexel Station at 30th St,T5,3,2,336,39.954815,-75.1835
49,Drexel Station at 30th St,T5,3,2,336,39.954894,-75.183169
50,Girard Av & 8th St,G1,5,27,331,39.97047,-75.150042
51,33rd St,T1,3,1,326,39.954871,-75.189499
52,33rd St,T2,3,1,326,39.954871,-75.189499
53,33rd St,T3,3,1,326,39.954871,-75.189499
54,33rd St,T4,3,1,326,39.954871,-75.189499
55,33rd St,T5,3,1,326,39.954871,-75.189499
56,Frankford Av & Richmond St,G1,1,17,306,39.966124,-75.134492
57,Frankford Av & Richmond St,G1,1,17,306,39.966008,-75.134338
58,Frankford Av & Richmond St,G1,1,17,306,39.966124,-75.134492
59,Frankford Av & Richmond St,G1,1,17,306,39.966008,-75.134338
60,Girard Av & 20th St,G1,5,26,296,39.972715,-75.168874
61,Lancaster Av & 45th St,T1,3,31,291,39.969667,-75.212991
62,Girard Av & Corinthian Av,G1,5,30,287,39.972888,-75.17022
63,Girard Av & 20th St,G1,5,25,286,39.972636,-75.169087
64,Girard Av & Corinthian Av,G1,5,29,277,39.972817,-75.170421
65,Girard Av & Belmont Av - FS,G1,3,29,267,39.973208,-75.211964
66,Girard Av & Belmont Av,G1,3,27,247,39.973315,-75.212094
67,19th St,T1,5,4,245,39.953327,-75.171637
68,19th St,T2,5,4,245,39.953327,-75.171637
69,19th St,T3,5,4,245,39.953327,-75.171637
70,19th St,T4,5,4,245,39.953327,-75.171637
71,19th St,T5,5,4,245,39.953327,-75.171637
72,19th St,T1,5,3,235,39.953425,-75.171483
73,19th St,T2,5,3,235,39.953425,-75.171483
74,19th St,T3,5,3,235,39.953425,-75.171483
75,19th St,T4,5,3,235,39.953425,-75.171483
76,19th St,T5,5,3,235,39.953425,-75.171483
77,Girard Av & 40th St,G1,3,26,228,39.974043,-75.204531
78,Girard Av & 5th St,G1,5,22,227,39.970129,-75.145094
79,Girard Av & 40th St - FS,G1,3,24,220,39.974159,-75.204543
80,Girard Av & 5th St,G1,5,21,217,39.970218,-75.144905
81,Girard Av & 12th St,G1,5,7,205,39.971045,-75.155603
82,Girard Av & 12th St,G1,5,7,205,39.970965,-75.155816
83,Girard Av & 4th St,G1,5,14,187,39.96999,-75.142968
84,Frankford Av & Delaware Av - FS,G1,1,14,179,39.965205,-75.134342
85,Frankford Av & Delaware Av - FS,G1,1,14,179,39.965205,-75.134342
86,Girard Av & 3rd St,G1,5,13,177,39.969799,-75.141386
87,Girard Av & 3rd St,G1,1,13,177,39.969711,-75.141599
88,Lancaster Av & 38th St,T1,3,19,174,39.960267,-75.197016
89,Frankford Av & Delaware Av,G1,1,13,169,39.964812,-75.134485
90,Frankford Av & Delaware Av Loop,G1,1,13,169,39.964945,-75.134154
91,Frankford Av & Delaware Av,G1,1,13,169,39.964812,-75.134485
92,Frankford Av & Delaware Av Loop,G1,1,13,169,39.964945,-75.134154
93,40th St & Filbert St,T1,3,16,161,39.957929,-75.201901
94,40th St & Filbert St,T1,3,16,161,39.957929,-75.201901
95,Lancaster Av & 38th St,T1,3,17,158,39.96024,-75.196721
96,Chester Av & 49th St,T3,3,9,157,39.944041,-75.216622
97,Girard Av & 26th St,G1,5,15,156,39.973976,-75.178733
98,Girard Av & 26th St,G1,5,15,156,39.973896,-75.178946
99,Chester Av & 51st St,T3,3,16,155,39.942349,-75.219048
100,Chester Av & 51st St,T3,3,16,155,39.942519,-75.219012
101,40th-Market,T2,3,15,151,39.957259,-75.202021
102,40th-Market,T2,3,15,151,39.957259,-75.202021
103,40th-Market,T3,3,15,151,39.957259,-75.202021
104,40th-Market,T3,3,15,151,39.957259,-75.202021
105,40th-Market,T4,3,15,151,39.957259,-75.202021
106,40th-Market,T4,3,15,151,39.957259,-75.202021
107,40th-Market,T5,3,15,151,39.957259,-75.202021
108,40th-Market,T5,3,15,151,39.957259,-75.202021
109,Baltimore Av & 51st St,T2,3,12,147,39.947715,-75.225456
110,Girard Av & 11th St,G1,5,6,146,39.970845,-75.154021
111,Girard Av & 27th St,G1,5,14,146,39.974202,-75.18028
112,College Av & 24th St - FS,G1,5,14,146,39.97239,-75.175384
113,Girard Av & 11th St,G1,5,6,146,39.970756,-75.154222
114,Chester Av & 52nd St,T3,3,15,143,39.941539,-75.220184
115,Chester Av & 52nd St,T3,3,15,143,39.941726,-75.220124
116,Baltimore Av & 51st St,T2,3,11,137,39.94783,-75.225266
117,Baltimore Av & 53rd St,T2,3,11,137,39.947846,-75.229317
118,Chester Av & 49th St,T3,3,7,137,39.944281,-75.216527
119,Girard Av & 24th St,G1,5,13,136,39.972453,-75.175844
120,Poplar St & 25th St,G1,5,13,136,39.972492,-75.177403
121,Girard Av & 39th St,G1,3,15,134,39.974297,-75.201802
122,Baltimore Av & 53rd St,T2,3,10,127,39.947766,-75.229612
123,Baltimore Av & 52nd St,T2,3,10,127,39.947842,-75.227309
124,Poplar St & Stillman St,G1,5,12,126,39.97244,-75.178171
125,Chester Av & 53rd St,T3,3,13,123,39.940577,-75.221556
126,Chester Av & 53rd St,T3,3,13,123,39.940764,-75.221485
127,Baltimore Av & Broomall St,T2,3,9,117,39.947727,-75.227912
128,Baltimore Av & 54th St,T2,3,9,117,39.947797,-75.232139
129,Girard Av & 51st St,G1,4,10,113,39.971987,-75.223438
130,Girard Av & 52nd St,G1,4,10,113,39.971473,-75.22579
131,Girard Av & 52nd St,G1,4,10,113,39.971357,-75.225908
132,Girard Av & 51st St,G1,3,10,113,39.971845,-75.223745
133,Chester Av & 48th St,T3,3,4,113,39.944958,-75.215344
134,Chester Av & 47th St,T3,3,4,113,39.945901,-75.213984
135,Chester Av & 47th St,T3,3,4,113,39.94608,-75.213959
136,Chester Av & 48th St,T3,3,4,113,39.945154,-75.215285
137,Girard Av & 39th St,G1,4,12,110,39.974511,-75.201683
138,Baltimore Av & 54th St,T2,3,8,107,39.947742,-75.231466
139,Girard Av & 27th St,G1,5,10,106,39.974113,-75.180504
140,Woodland Av & 47th St,T4,3,3,101,39.943245,-75.210839
141,Woodland Av & 46th St,T4,3,3,101,39.944323,-75.209797
142,Woodland Av & 46th St,T4,3,3,101,39.944537,-75.209725
143,Woodland Av & 46th St,T5,3,3,101,39.944323,-75.209797
144,Woodland Av & 46th St,T5,3,3,101,39.944537,-75.209725
145,Chester Av & 46th St,T3,3,2,91,39.946827,-75.212682
146,Chester Av & 45th St,T3,3,2,91,39.9477,-75.211428
147,Chester Av & 45th St,T3,3,2,91,39.947878,-75.211403
148,Chester Av & 46th St,T3,3,2,91,39.947006,-75.212658
149,Lancaster Av & Powelton Av,T1,3,10,90,39.959631,-75.195542
150,Baltimore Av & 50th St,T2,3,9,90,39.947872,-75.223377
151,Baltimore Av & 49th St,T2,3,9,90,39.948101,-75.221404
152,Baltimore Av & 49th St,T2,3,9,90,39.948101,-75.221404
153,Baltimore Av & 50th St,T2,3,9,90,39.948041,-75.223199
154,Woodland Av & 48th St,T4,3,2,86,39.941953,-75.211728
155,Woodland Av & 48th St,T4,3,2,86,39.942176,-75.211716
156,Woodland Av & 48th St,T5,3,2,86,39.941953,-75.211728
157,Woodland Av & 48th St,T5,3,2,86,39.942176,-75.211716
158,Chester Av & 54th St,T3,3,9,83,39.939785,-75.222893
159,Lancaster Av & Bible Way,T1,4,9,81,39.976855,-75.226176
160,Lancaster Av & 52nd St,T1,4,9,81,39.977186,-75.2266
161,Baltimore Av & 49th St,T2,3,8,80,39.948261,-75.221109
162,Baltimore Av & 49th St,T2,3,8,80,39.948261,-75.221109
163,Chester Av & 54th St,T3,3,8,79,39.939607,-75.222952
164,Girard Av & 28th St,G1,5,7,76,39.974375,-75.181756
165,Girard Av & 28th St,G1,5,7,76,39.974286,-75.181969
166,26th St & Poplar St,G1,5,7,76,39.972701,-75.179198
167,Lansdowne Av & 63rd - FS,T1,4,4,72,39.975332,-75.244986
168,63rd St & Lansdowne Av - FS,T1,4,4,72,39.975582,-75.245529
169,Girard Av & 54th St,G1,4,7,70,39.971165,-75.228614
170,Girard Av & 54th St,G1,4,7,70,39.971041,-75.228803
171,Lansdowne Av & 55th St,T1,4,7,68,39.976811,-75.231858
172,Lansdowne Av & Lancaster Av,T1,4,7,68,39.977295,-75.227451
173,Lancaster Av & 47th St,T1,3,8,68,39.971555,-75.216115
174,Lancaster Av & 47th St,T1,3,8,68,39.971564,-75.215938
175,Girard Av & Berks St,G1,1,7,66,39.971869,-75.125833
176,Girard Av & Columbia Av,G1,5,7,66,39.970265,-75.130423
177,Girard Av & 29th St,G1,5,6,66,39.974574,-75.183361
178,Girard Av & 29th St,G1,5,6,66,39.974486,-75.183622
179,Girard Av & Berks St,G1,1,7,66,39.971709,-75.125999
180,Island Av & Tanager St - F,T5,2,3,65,39.90915,-75.242029
181,Island Av & Buist Av,T5,2,3,65,39.911186,-75.242661
182,Island Av & Buist Av - FS,T5,2,3,65,39.911195,-75.242744
183,Island Av & Tanager St,T5,2,3,65,39.909132,-75.2421
184,Lansdowne Av & 56th St,T1,4,6,64,39.976591,-75.233761
185,Lansdowne Av & 56th St,T1,4,6,64,39.976707,-75.233607
186,Richmond St & Clearfield St,G1,1,4,61,39.981783,-75.103782
187,Richmond St & Ann St,G1,1,4,61,39.979945,-75.107311
188,Richmond St & Ann St,G1,1,4,61,39.979758,-75.107536
189,Richmond St & Clearfield St,G1,1,4,61,39.981605,-75.104019
190,Girard Av & Columbia Av,G1,1,6,60,39.970122,-75.130542
191,22nd St,T1,2,6,60,39.953962,-75.176736
192,22nd St,T1,5,6,60,39.954051,-75.176571
193,Baltimore Av & 55th St,T2,3,6,60,39.947246,-75.233746
194,Baltimore Av & Florence Av,T2,3,6,60,39.948312,-75.219503
195,22nd St,T2,2,6,60,39.953962,-75.176736
196,22nd St,T2,5,6,60,39.954051,-75.176571
197,Baltimore Av & 55th St,T2,3,6,60,39.947442,-75.233522
198,22nd St,T3,2,6,60,39.953962,-75.176736
199,22nd St,T3,5,6,60,39.954051,-75.176571
200,22nd St,T4,2,6,60,39.953962,-75.176736
201,22nd St,T4,5,6,60,39.954051,-75.176571
202,22nd St,T5,2,6,60,39.953962,-75.176736
203,22nd St,T5,5,6,60,39.954051,-75.176571
204,Lansdowne Av & 54th St,T1,4,6,58,39.977013,-75.229908
205,Lansdowne Av & 54th St,T1,4,6,58,39.977129,-75.229755
206,Lansdowne Av & 55th St,T1,4,6,58,39.976927,-75.231704
207,Island Av & 76th St,T5,2,2,55,39.907284,-75.241432
208,Elmwood Av & Island Av - M,T5,2,2,55,39.913266,-75.242998
209,Elmwood Av & Island Av,T5,2,2,55,39.913284,-75.243092
210,Island Av & 76th St,T5,2,2,55,39.907391,-75.24155
211,Girard Av & Merion Av,G1,4,6,54,39.972814,-75.216277
212,Girard Av & Merion Av,G1,3,6,54,39.972725,-75.216431
213,Richmond St & Girard Av,G1,1,5,50,39.973068,-75.119591
214,Girard Av & Richmond St,G1,1,5,50,39.972988,-75.119769
215,Baltimore Av & 56th St,T2,3,5,50,39.946785,-75.235602
216,Baltimore Av & 56th St,T2,3,5,50,39.946936,-75.235519
217,Lancaster Av & 48th St,T1,3,6,48,39.972244,-75.217035
218,Lancaster Av & 36th St,T1,3,5,46,39.958565,-75.193786
219,Richmond St & Allegheny Av,G1,6,2,41,39.983053,-75.101437
220,Richmond St & Allegheny Av,G1,1,2,41,39.982875,-75.101544
221,Woodland Av & 50th St,T2,3,4,40,39.939886,-75.213907
222,Woodland Av & 53rd St,T4,3,4,40,39.937242,-75.217681
223,Woodland Av & 52nd St,T4,3,4,40,39.938203,-75.216297
224,Woodland Av & 51st St,T4,3,4,40,39.938987,-75.215197
225,Woodland Av & 50th St,T4,3,4,40,39.939886,-75.213907
226,Woodland Av & 50th St,T4,3,4,40,39.940064,-75.213848
227,Woodland Av & 51st St,T4,3,4,40,39.939192,-75.215102
228,Woodland Av & 52nd St,T4,3,4,40,39.938408,-75.216214
229,Woodland Av & 53rd St,T4,3,4,40,39.937438,-75.217598
230,Woodland Av & 54th St,T4,3,4,40,39.936485,-75.218947
231,Chester Av & 55th St,T3,3,4,39,39.938654,-75.224301
232,Chester Av & 55th St,T3,3,4,39,39.938832,-75.224253
233,Girard Av & Palmer St,G1,5,4,36,39.970983,-75.1284
234,Girard Av & Palmer St,G1,5,4,36,39.97084,-75.128519
235,36th St & Lancaster Av,T1,3,4,36,39.958404,-75.193585
236,Lancaster Av & 50th St,T1,4,4,33,39.975207,-75.22259
237,Lancaster Av & 50th St,T1,4,4,33,39.975234,-75.222389
238,Girard Av & 31st St,G1,4,3,30,39.975009,-75.186549
239,Girard Av & 56th St,G1,4,3,30,39.970761,-75.232477
240,Girard Av & 61st St,G1,4,3,30,39.969801,-75.241221
241,Girard Av & 56th St,G1,4,3,30,39.970636,-75.232667
242,Baltimore Av & 48th St,T2,3,3,30,39.948472,-75.219101
243,Woodland Av & 54th St,T4,3,3,30,39.936262,-75.219054
244,Girard Av & 63rd St - MBFS,G1,4,3,26,39.970226,-75.244598
245,Girard Av & 63rd St - MBFS,G1,4,3,26,39.970226,-75.244598
246,Elmwood Av & 59th St,T5,2,2,26,39.928039,-75.221994
247,Elmwood Av & 58th St,T5,2,2,26,39.928964,-75.220586
248,Elmwood Av & 57th St,T5,2,2,26,39.929935,-75.219226
249,Elmwood Av & 56th St,T5,2,2,26,39.930986,-75.217747
250,Elmwood Av & 56th St,T5,2,2,26,39.931173,-75.217711
251,Elmwood Av & 57th St,T5,2,2,26,39.930131,-75.219202
252,Elmwood Av & 58th St,T5,2,2,26,39.929152,-75.220539
253,Elmwood Av & 59th St,T5,2,2,26,39.928226,-75.221958
254,Lancaster Av & Thompson St,T1,4,3,23,39.973748,-75.219747
255,Richmond St & Cambria St,G1,1,2,20,39.979092,-75.108862
256,Richmond St & Somerset St,G1,1,2,20,39.978159,-75.110697
257,Richmond St & Lehigh Av,G1,1,2,20,39.976907,-75.113101
258,Richmond St & Huntingdon St,G1,1,2,20,39.975628,-75.115552
259,Richmond St & Cumberland St,G1,1,2,20,39.974331,-75.118038
260,Girard Av & 57th St,G1,4,2,20,39.970585,-75.234096
261,Girard Av & 62nd St,G1,4,2,20,39.970063,-75.243216
262,Girard Av & 31st St,G1,4,2,20,39.974938,-75.18675
263,Richmond St & Cumberland St,G1,1,2,20,39.974153,-75.118181
264,Richmond St & Huntingdon St,G1,1,2,20,39.975441,-75.11573
265,Richmond St & Lehigh Av,G1,1,2,20,39.976729,-75.113302
266,Richmond St & Somerset St,G1,1,2,20,39.977981,-75.110887
267,Richmond St & Cambria St,G1,1,2,20,39.978914,-75.109052
268,63rd-Malvern,T1,4,2,20,39.983838,-75.245957
269,Malvern Av & 63rd St,T1,4,2,20,39.983697,-75.247009
270,63rd St & Lebanon Av,T1,4,2,20,39.980912,-75.246661
271,Lansdowne Av & 59th St,T1,4,2,20,39.976054,-75.238653
272,Lansdowne Av & 58th St,T1,4,2,20,39.976248,-75.236904
273,Lansdowne Av & 57th St,T1,4,2,20,39.976406,-75.235403
274,36th St & Market St,T1,3,2,20,39.956058,-75.194113
275,Lansdowne Av & 57th St,T1,4,2,20,39.976522,-75.235249
276,Lansdowne Av & 58th St,T1,4,2,20,39.976363,-75.23675
277,Lansdowne Av & 59th St,T1,4,2,20,39.97617,-75.238499
278,63rd St & Columbia Av,T1,4,2,20,39.980582,-75.246461
279,63rd-Malvern,T1,4,2,20,39.983838,-75.245957
280,Baltimore Av & 46th St,T2,3,1,15,39.948786,-75.215061
281,Baltimore Av & 45th St,T2,3,1,15,39.949006,-75.213018
282,Baltimore Av & 45th St,T2,3,1,15,39.949148,-75.212828
283,Baltimore Av & 46th St,T2,3,1,15,39.948937,-75.214884
284,Girard Av & 33rd St,G1,4,1,10,39.975199,-75.188002
285,Girard Av & 49th St,G1,4,1,10,39.972917,-75.219064
286,Girard Av & 59th St,G1,4,1,10,39.970224,-75.237334
287,Girard Av & 60th St,G1,4,1,10,39.970039,-75.238988
288,Girard Av & 60th St,G1,4,1,10,39.969897,-75.239366
289,Girard Av & 59th St,G1,4,1,10,39.970099,-75.237523
290,Girard Av & 57th St,G1,4,1,10,39.97046,-75.234285
291,Girard Av & Lancaster Av,G1,3,1,10,39.972978,-75.218521
292,Girard Av & 34th St - MBFS,G1,3,1,10,39.974841,-75.196733
293,63rd St & Jefferson St,T1,4,1,10,39.97835,-75.246184
294,Lansdowne Av & 62nd St,T1,4,1,10,39.975499,-75.243651
295,Lansdowne Av & 61st St,T1,4,1,10,39.975693,-75.241879
296,Lancaster Av & Girard Av,T1,4,1,10,39.973059,-75.218615
297,36th St Trolley Portal Station,T1,3,1,10,39.955335,-75.194162
298,15th St/City Hall,T1,5,1,10,39.952502,-75.165369
299,15th St/City Hall,T1,5,1,10,39.952672,-75.165345
300,36th St Trolley Portal Station,T1,3,1,10,39.955451,-75.194233
301,Lancaster Av & 49th St,T1,4,1,10,39.973703,-75.219464
302,Lansdowne Av & 61st St,T1,4,1,10,39.975809,-75.241725
303,Lansdowne Av & 62nd St,T1,4,1,10,39.975615,-75.243497
304,63rd St & Jefferson St,T1,4,1,10,39.978234,-75.24603
305,Elmwood Av & 73rd St,T2,2,1,10,39.914129,-75.241816
306,Woodland Av & Island Av,T2,2,1,10,39.917099,-75.246376
307,49th St & Woodland Av,T2,3,1,10,39.940794,-75.212429
308,Baltimore Av & 57th St,T2,3,1,10,39.946386,-75.237327
309,36th-Sansom,T2,3,1,10,39.953854,-75.194533
310,15th St/City Hall,T2,5,1,10,39.952502,-75.165369
311,15th St/City Hall,T2,5,1,10,39.952672,-75.165345
312,36th-Sansom,T2,3,1,10,39.95389,-75.194722
313,Woodland Av & Island Av,T2,2,1,10,39.917304,-75.246245
314,Elmwood Av & 73rd St,T2,2,1,10,39.914335,-75.241732
315,36th-Sansom,T3,3,1,10,39.953854,-75.194533
316,15th St/City Hall,T3,5,1,10,39.952502,-75.165369
317,15th St/City Hall,T3,5,1,10,39.952672,-75.165345
318,36th-Sansom,T3,3,1,10,39.95389,-75.194722
319,Chester Av & 56th St,T3,3,1,10,39.937871,-75.225625
320,Woodland Av & Island Av,T4,2,1,10,39.917099,-75.246376
321,Woodland Av & 72nd St,T4,2,1,10,39.918432,-75.244412
322,Woodland Av & 71st St,T4,2,1,10,39.919361,-75.243077
323,Woodland Av & 70th St,T4,2,1,10,39.920483,-75.24148
324,Woodland Av & 69th St,T4,2,1,10,39.921463,-75.240097
325,Woodland Av & 49th St,T4,3,1,10,39.940767,-75.212665
326,Woodland Av & 45th St,T4,3,1,10,39.94541,-75.208565
327,36th-Sansom,T4,3,1,10,39.953854,-75.194533
328,15th St/City Hall,T4,5,1,10,39.952502,-75.165369
329,15th St/City Hall,T4,5,1,10,39.952672,-75.165345
330,36th-Sansom,T4,3,1,10,39.95389,-75.194722
331,Woodland Av & 43rd St,T4,3,1,10,39.945767,-75.20834
332,Woodland Av & 49th St,T4,3,1,10,39.940955,-75.212582
333,Woodland Av & 69th St,T4,2,1,10,39.921641,-75.240037
334,Woodland Av & 70th St,T4,2,1,10,39.920688,-75.241397
335,Woodland Av & 71st St,T4,2,1,10,39.919584,-75.242958
336,Woodland Av & 72nd St,T4,2,1,10,39.918622,-75.244342
337,Woodland Av & Island Av,T4,2,1,10,39.917304,-75.246245
338,Elmwood Loop,T5,2,1,10,39.914015,-75.242642
339,Elmwood Av & 73rd St,T5,2,1,10,39.914129,-75.241816
340,49th St & Paschall Av,T5,3,1,10,39.939819,-75.211286
341,49th St & Woodland Av,T5,3,1,10,39.940794,-75.212429
342,Woodland Av & 45th St,T5,3,1,10,39.94541,-75.208565
343,36th-Sansom,T5,3,1,10,39.953854,-75.194533
344,15th St/City Hall,T5,5,1,10,39.952502,-75.165369
345,15th St/City Hall,T5,5,1,10,39.952672,-75.165345
346,36th-Sansom,T5,3,1,10,39.95389,-75.194722
347,Woodland Av & 43rd St,T5,3,1,10,39.945767,-75.20834
348,Woodland Av & 49th St,T5,3,1,10,39.940955,-75.212582
349,49th St & Paschall Av,T5,3,1,10,39.93998,-75.211652
350,Elmwood Av & 73rd St,T5,2,1,10,39.914335,-75.241732
351,Elmwood Loop,T5,2,1,10,39.914015,-75.242642
